setting,status,press_index,release_index
0,0x80000000,100,100
1,0x80000000,17,13
2,0x80000000,17,13
3,0x80000000,17,13
4,0x80000000,17,13
5,0x80000000,17,13
6,0x80000000,17,13
7,0x80000000,17,13
8,0x80000000,17,13
9,0x80000000,17,13
10,0x80000000,17,13
11,0x80000000,17,13
12,0x80000000,17,13
13,0x80000000,17,13
14,0x80000000,17,13
15,0x80000000,17,13
16,0x80000000,17,13
17,0x80000000,17,13
18,0x80000000,17,13
19,0x80000000,17,13
20,0x80000000,17,13
21,0x80000000,17,13
22,0x80000000,17,13
23,0x80000000,17,13
24,0x80000000,17,13
25,0x80000000,17,13
26,0x80000000,17,13
27,0x80000000,17,13
28,0x80000000,17,13
29,0x80000000,17,13
30,0x80000000,17,13
31,0x80000000,17,13
32,0x80000000,17,13
33,0x80000000,17,13
34,0x80000000,17,13
35,0x80000000,17,13
36,0x80000000,17,13
37,0x80000000,17,13
38,0x80000000,17,13
39,0x80000000,21,15
40,0x80000000,21,15
41,0x80000000,21,15
42,0x80000000,21,15
43,0x80000000,21,15
44,0x80000000,21,15
45,0x80000000,21,15
46,0x80000000,21,15
47,0x80000000,21,15
48,0x80000000,21,15
49,0x80000000,21,15
50,0x80000000,21,15
51,0x80000000,21,15
52,0x80000000,21,15
53,0x80000000,21,15
54,0x80000000,21,15
55,0x80000000,21,15
56,0x80000000,21,15
57,0x80000000,21,15
58,0x80000000,21,15
59,0x80000000,21,15
60,0x80000000,21,15
61,0x80000000,21,15
62,0x80000000,21,15
63,0x80000000,21,15
64,0x80000000,24,17
65,0x80000000,24,17
66,0x80000000,24,17
67,0x80000000,24,17
68,0x80000000,24,17
69,0x80000000,24,17
70,0x80000000,24,17
71,0x80000000,24,17
72,0x80000000,24,17
73,0x80000000,24,17
74,0x80000000,24,17
75,0x80000000,24,17
76,0x80000000,24,17
77,0x80000000,24,17
78,0x80000000,24,17
79,0x80000000,24,17
80,0x80000000,24,17
81,0x80000000,24,17
82,0x80000000,24,17
83,0x80000000,24,17
84,0x80000000,24,17
85,0x80000000,24,17
86,0x80000000,24,17
87,0x80000000,24,17
88,0x80000000,24,17
89,0x80000000,36,29
90,0x80000000,36,29
91,0x80000000,36,29
92,0x80000000,36,29
93,0x80000000,36,29
94,0x80000000,36,29
95,0x80000000,36,29
96,0x80000000,36,29
97,0x80000000,36,29
98,0x80000000,36,29
99,0x80000000,36,29
100,0x80000000,36,29
101,0x8300001f,0,0
102,0x8300001f,0,0
103,0x8300001f,0,0
104,0x8300001f,0,0
105,0x8300001f,0,0
106,0x8300001f,0,0
107,0x8300001f,0,0
108,0x8300001f,0,0
109,0x8300001f,0,0
110,0x8300001f,0,0
111,0x8300001f,0,0
112,0x8300001f,0,0
113,0x8300001f,0,0
114,0x8300001f,0,0
115,0x8300001f,0,0
116,0x8300001f,0,0
117,0x8300001f,0,0
118,0x8300001f,0,0
119,0x8300001f,0,0
120,0x8300001f,0,0
121,0x8300001f,0,0
122,0x8300001f,0,0
123,0x8300001f,0,0
124,0x8300001f,0,0
125,0x8300001f,0,0
126,0x8300001f,0,0
127,0x8300001f,0,0
128,0x8300001f,0,0
129,0x8300001f,0,0
130,0x8300001f,0,0
131,0x8300001f,0,0
132,0x8300001f,0,0
133,0x8300001f,0,0
134,0x8300001f,0,0
135,0x8300001f,0,0
136,0x8300001f,0,0
137,0x8300001f,0,0
138,0x8300001f,0,0
139,0x8300001f,0,0
140,0x8300001f,0,0
141,0x8300001f,0,0
142,0x8300001f,0,0
143,0x8300001f,0,0
144,0x8300001f,0,0
145,0x8300001f,0,0
146,0x8300001f,0,0
147,0x8300001f,0,0
148,0x8300001f,0,0
149,0x8300001f,0,0
150,0x8300001f,0,0
151,0x8300001f,0,0
152,0x8300001f,0,0
153,0x8300001f,0,0
154,0x8300001f,0,0
155,0x8300001f,0,0
156,0x8300001f,0,0
157,0x8300001f,0,0
158,0x8300001f,0,0
159,0x8300001f,0,0
160,0x8300001f,0,0
161,0x8300001f,0,0
162,0x8300001f,0,0
163,0x8300001f,0,0
164,0x8300001f,0,0
165,0x8300001f,0,0
166,0x8300001f,0,0
167,0x8300001f,0,0
168,0x8300001f,0,0
169,0x8300001f,0,0
170,0x8300001f,0,0
171,0x8300001f,0,0
172,0x8300001f,0,0
173,0x8300001f,0,0
174,0x8300001f,0,0
175,0x8300001f,0,0
176,0x8300001f,0,0
177,0x8300001f,0,0
178,0x8300001f,0,0
179,0x8300001f,0,0
180,0x8300001f,0,0
181,0x8300001f,0,0
182,0x8300001f,0,0
183,0x8300001f,0,0
184,0x8300001f,0,0
185,0x8300001f,0,0
186,0x8300001f,0,0
187,0x8300001f,0,0
188,0x8300001f,0,0
189,0x8300001f,0,0
190,0x8300001f,0,0
191,0x8300001f,0,0
192,0x8300001f,0,0
193,0x8300001f,0,0
194,0x8300001f,0,0
195,0x8300001f,0,0
196,0x8300001f,0,0
197,0x8300001f,0,0
198,0x8300001f,0,0
199,0x8300001f,0,0
200,0x8300001f,0,0
201,0x8300001f,0,0
202,0x8300001f,0,0
203,0x8300001f,0,0
204,0x8300001f,0,0
205,0x8300001f,0,0
206,0x8300001f,0,0
207,0x8300001f,0,0
208,0x8300001f,0,0
209,0x8300001f,0,0
210,0x8300001f,0,0
211,0x8300001f,0,0
212,0x8300001f,0,0
213,0x8300001f,0,0
214,0x8300001f,0,0
215,0x8300001f,0,0
216,0x8300001f,0,0
217,0x8300001f,0,0
218,0x8300001f,0,0
219,0x8300001f,0,0
220,0x8300001f,0,0
221,0x8300001f,0,0
222,0x8300001f,0,0
223,0x8300001f,0,0
224,0x8300001f,0,0
225,0x8300001f,0,0
226,0x8300001f,0,0
227,0x8300001f,0,0
228,0x8300001f,0,0
229,0x8300001f,0,0
230,0x8300001f,0,0
231,0x8300001f,0,0
232,0x8300001f,0,0
233,0x8300001f,0,0
234,0x8300001f,0,0
235,0x8300001f,0,0
236,0x8300001f,0,0
237,0x8300001f,0,0
238,0x8300001f,0,0
239,0x8300001f,0,0
240,0x8300001f,0,0
241,0x8300001f,0,0
242,0x8300001f,0,0
243,0x8300001f,0,0
244,0x8300001f,0,0
245,0x8300001f,0,0
246,0x8300001f,0,0
247,0x8300001f,0,0
248,0x8300001f,0,0
249,0x8300001f,0,0
250,0x8300001f,0,0
251,0x8300001f,0,0
252,0x8300001f,0,0
253,0x8300001f,0,0
254,0x8300001f,0,0
255,0x8300001f,0,0
